{
"featOrder": [
"p80L",
"p50L",
"p20L",
"pass1",
"pass4",
"pass8",
"pass16",
"pass32",
"tph",
"kW",
"reduction",
"f80L",
"ecs",
"feedM"
],
"mean": [
1.518028736114502,
1.1894792318344116,
0.4766461253166199,
0.1433705985546112,
0.2826867997646332,
0.40466150641441345,
0.558023989200592,
0.6889100074768066,
635.5134887695312,
164.0797882080078,
4.302461624145508,
2.025104284286499,
0.90530925989151,
1.3164345026016235
],
"std": [
0.470505952835083,
0.5115870833396912,
0.6076872944831848,
0.10157401859760284,
0.19367747008800507,
0.26718324422836304,
0.3190968632698059,
0.2982027232646942,
318.6986389160156,
95.93732452392578,
4.076502799987793,
0.2849678695201874,
0.3631671369075775,
0.3442978262901306
]
}