{
"threshold_p99": 0.28214,
"trainReconMean": 0.04955
}