{
"inputOrder": [
"machine_cone-sec",
"machine_cone-tert",
"machine_jaw",
"cssMm",
"throwMm",
"speedRpm",
"feedX63Mm",
"feedM",
"oreAxb"
],
"inMean": [
55.319515228271484,
28.330860137939453,
353.2570495605469,
165.05776977539062,
1.3164345026016235,
70.84423065185547
],
"inStd": [
44.48833465576172,
10.450695991516113,
109.91813659667969,
141.84181213378906,
0.3442978262901306,
22.650789260864258
],
"outputOrder": [
"p80",
"p50",
"p20",
"pass1",
"pass4",
"pass8",
"pass16",
"pass32",
"tph",
"kW"
],
"outLog": [
true,
true,
true,
false,
false,
false,
false,
false,
false,
false
],
"outMean": [
1.518028736114502,
1.1894792318344116,
0.4766461253166199,
0.1433705985546112,
0.2826867997646332,
0.40466150641441345,
0.558023989200592,
0.6889100074768066,
635.5134887695312,
164.0797882080078
],
"outStd": [
0.470505952835083,
0.5115870833396912,
0.6076872944831848,
0.10157401859760284,
0.19367747008800507,
0.26718324422836304,
0.3190968632698059,
0.2982027232646942,
318.6986389160156,
95.93732452392578
]
}